{"cameraMode":{"drawMode":0,"name":"Shaded","section":"Shading Mode"},"sceneLighting":true,"audioPlay":false,"sceneViewState":{"m_AlwaysRefresh":false,"showFog":true,"showSkybox":true,"showFlares":true,"showImageEffects":true,"showParticleSystems":true,"showVisualEffectGraphs":true,"m_FxEnabled":true},"in2DMode":false,"pivot":{"x":4.990417957305908,"y":2.020317554473877,"z":4.766890525817871},"rotation":{"x":0.26846617460250857,"y":-0.019997959956526758,"z":0.005474398378282785,"w":0.9630882143974304},"size":7.388832092285156,"orthographic":false}